-- phpMyAdmin SQL Dump
-- version 5.1.0
-- https://www.phpmyadmin.net/
--
-- Host: 127.0.0.1
-- Generation Time: Jul 18, 2021 at 07:37 PM
-- Server version: 10.4.19-MariaDB
-- PHP Version: 7.3.28

SET SQL_MODE = "NO_AUTO_VALUE_ON_ZERO";
START TRANSACTION;
SET time_zone = "+00:00";


/*!40101 SET @OLD_CHARACTER_SET_CLIENT=@@CHARACTER_SET_CLIENT */;
/*!40101 SET @OLD_CHARACTER_SET_RESULTS=@@CHARACTER_SET_RESULTS */;
/*!40101 SET @OLD_COLLATION_CONNECTION=@@COLLATION_CONNECTION */;
/*!40101 SET NAMES utf8mb4 */;

--
-- Database: `we15303.1`
--

-- --------------------------------------------------------

--
-- Table structure for table `categories`
--

CREATE TABLE `categories` (
  `id` bigint(20) UNSIGNED NOT NULL,
  `name` varchar(255) COLLATE utf8mb4_unicode_ci NOT NULL,
  `created_at` timestamp NULL DEFAULT NULL,
  `updated_at` timestamp NULL DEFAULT NULL
) ENGINE=InnoDB DEFAULT CHARSET=utf8mb4 COLLATE=utf8mb4_unicode_ci;

--
-- Dumping data for table `categories`
--

INSERT INTO `categories` (`id`, `name`, `created_at`, `updated_at`) VALUES
(1, 'Eryn Gutmann', '2021-07-14 09:52:28', '2021-07-14 09:52:28'),
(2, 'Cody Robel MD', '2021-07-14 09:52:28', '2021-07-14 09:52:28'),
(3, 'Prof. Blanca McGlynn', '2021-07-14 09:52:28', '2021-07-14 09:52:28'),
(4, 'Lilly Oberbrunner I', '2021-07-14 09:52:28', '2021-07-14 09:52:28'),
(5, 'Elwyn Feest', '2021-07-14 09:52:28', '2021-07-14 09:52:28'),
(6, 'Gaston Koss', '2021-07-14 09:52:28', '2021-07-14 09:52:28'),
(7, 'Arch Littel', '2021-07-14 09:52:28', '2021-07-14 09:52:28'),
(8, 'Dr. Toney Flatley PhD', '2021-07-14 09:52:28', '2021-07-14 09:52:28'),
(9, 'Mr. Darius Franecki', '2021-07-14 09:52:28', '2021-07-14 09:52:28'),
(10, 'Kaden Fritsch', '2021-07-14 09:52:28', '2021-07-14 09:52:28'),
(11, 'Kiana Muller', '2021-07-14 09:52:28', '2021-07-14 09:52:28'),
(12, 'Mrs. Gregoria Schmeler', '2021-07-14 09:52:28', '2021-07-14 09:52:28'),
(13, 'Mallory Raynor Jr.', '2021-07-14 09:52:28', '2021-07-14 09:52:28'),
(14, 'Miss Lurline Leannon', '2021-07-14 09:52:28', '2021-07-14 09:52:28'),
(15, 'Mrs. Rebeca Kutch', '2021-07-14 09:52:28', '2021-07-14 09:52:28'),
(16, 'Melany Considine', '2021-07-14 09:53:13', '2021-07-14 09:53:13'),
(17, 'Erwin Ankunding', '2021-07-14 09:53:13', '2021-07-14 09:53:13'),
(18, 'Roxanne Pagac', '2021-07-14 09:53:13', '2021-07-14 09:53:13'),
(19, 'Alexane Denesik', '2021-07-14 09:53:13', '2021-07-14 09:53:13'),
(20, 'Robyn Lesch', '2021-07-14 09:53:13', '2021-07-14 09:53:13'),
(21, 'Griffin Grant', '2021-07-14 09:53:13', '2021-07-14 09:53:13'),
(22, 'Myrtie Greenholt', '2021-07-14 09:53:13', '2021-07-14 09:53:13'),
(23, 'Leonardo Monahan', '2021-07-14 09:53:13', '2021-07-14 09:53:13'),
(24, 'Braulio Rath', '2021-07-14 09:53:13', '2021-07-14 09:53:13'),
(25, 'Ms. Abbey Wilkinson', '2021-07-14 09:53:13', '2021-07-14 09:53:13'),
(26, 'Lillian Hickle', '2021-07-14 09:53:13', '2021-07-14 09:53:13'),
(27, 'Layla Howell', '2021-07-14 09:53:13', '2021-07-14 09:53:13'),
(28, 'Ursula Metz', '2021-07-14 09:53:13', '2021-07-14 09:53:13'),
(29, 'Mayra Koelpin', '2021-07-14 09:53:13', '2021-07-14 09:53:13'),
(30, 'Justyn Corwin', '2021-07-14 09:53:13', '2021-07-14 09:53:13'),
(31, 'Dr. Willie Boyer DDS', '2021-07-14 22:58:26', '2021-07-14 22:58:26'),
(32, 'Hattie Nikolaus', '2021-07-14 22:58:26', '2021-07-14 22:58:26'),
(33, 'Dr. Deion Paucek DDS', '2021-07-14 22:58:26', '2021-07-14 22:58:26'),
(34, 'Levi Larson', '2021-07-14 22:58:26', '2021-07-14 22:58:26'),
(35, 'Tito Vandervort', '2021-07-14 22:58:26', '2021-07-14 22:58:26'),
(36, 'Nestor Conn', '2021-07-14 22:58:26', '2021-07-14 22:58:26'),
(37, 'Dr. Albert Bergstrom I', '2021-07-14 22:58:26', '2021-07-14 22:58:26'),
(38, 'Emil Wintheiser', '2021-07-14 22:58:26', '2021-07-14 22:58:26'),
(39, 'Eleonore Wiza', '2021-07-14 22:58:26', '2021-07-14 22:58:26'),
(40, 'Mustafa Padberg II', '2021-07-14 22:58:26', '2021-07-14 22:58:26'),
(41, 'Stephan Stracke', '2021-07-14 22:58:26', '2021-07-14 22:58:26'),
(42, 'Jerald Parker', '2021-07-14 22:58:26', '2021-07-14 22:58:26'),
(43, 'Ms. Mallie Yundt', '2021-07-14 22:58:26', '2021-07-14 22:58:26'),
(44, 'Ms. Tressie Beier', '2021-07-14 22:58:26', '2021-07-14 22:58:26'),
(45, 'Mrs. Bria Abshire', '2021-07-14 22:58:26', '2021-07-14 22:58:26');

-- --------------------------------------------------------

--
-- Table structure for table `failed_jobs`
--

CREATE TABLE `failed_jobs` (
  `id` bigint(20) UNSIGNED NOT NULL,
  `uuid` varchar(255) COLLATE utf8mb4_unicode_ci NOT NULL,
  `connection` text COLLATE utf8mb4_unicode_ci NOT NULL,
  `queue` text COLLATE utf8mb4_unicode_ci NOT NULL,
  `payload` longtext COLLATE utf8mb4_unicode_ci NOT NULL,
  `exception` longtext COLLATE utf8mb4_unicode_ci NOT NULL,
  `failed_at` timestamp NOT NULL DEFAULT current_timestamp()
) ENGINE=InnoDB DEFAULT CHARSET=utf8mb4 COLLATE=utf8mb4_unicode_ci;

-- --------------------------------------------------------

--
-- Table structure for table `migrations`
--

CREATE TABLE `migrations` (
  `id` int(10) UNSIGNED NOT NULL,
  `migration` varchar(255) COLLATE utf8mb4_unicode_ci NOT NULL,
  `batch` int(11) NOT NULL
) ENGINE=InnoDB DEFAULT CHARSET=utf8mb4 COLLATE=utf8mb4_unicode_ci;

--
-- Dumping data for table `migrations`
--

INSERT INTO `migrations` (`id`, `migration`, `batch`) VALUES
(1, '2014_10_12_000000_create_users_table', 1),
(2, '2014_10_12_100000_create_password_resets_table', 1),
(3, '2019_08_19_000000_create_failed_jobs_table', 1),
(4, '2021_07_03_055134_create_table_categories', 1),
(5, '2021_07_03_055307_create_table_products', 1),
(6, '2021_07_03_061519_alter_table_products_add_column_price_image', 1);

-- --------------------------------------------------------

--
-- Table structure for table `password_resets`
--

CREATE TABLE `password_resets` (
  `email` varchar(255) COLLATE utf8mb4_unicode_ci NOT NULL,
  `token` varchar(255) COLLATE utf8mb4_unicode_ci NOT NULL,
  `created_at` timestamp NULL DEFAULT NULL
) ENGINE=InnoDB DEFAULT CHARSET=utf8mb4 COLLATE=utf8mb4_unicode_ci;

-- --------------------------------------------------------

--
-- Table structure for table `products`
--

CREATE TABLE `products` (
  `id` bigint(20) UNSIGNED NOT NULL,
  `name` varchar(255) COLLATE utf8mb4_unicode_ci NOT NULL,
  `cate_id` bigint(20) UNSIGNED NOT NULL,
  `created_at` timestamp NULL DEFAULT NULL,
  `updated_at` timestamp NULL DEFAULT NULL,
  `image` varchar(255) COLLATE utf8mb4_unicode_ci DEFAULT NULL,
  `price` int(11) NOT NULL DEFAULT 0,
  `quantity` varchar(255) COLLATE utf8mb4_unicode_ci NOT NULL DEFAULT '''0''',
  `status` tinyint(1) NOT NULL DEFAULT 0
) ENGINE=InnoDB DEFAULT CHARSET=utf8mb4 COLLATE=utf8mb4_unicode_ci;

--
-- Dumping data for table `products`
--

INSERT INTO `products` (`id`, `name`, `cate_id`, `created_at`, `updated_at`, `image`, `price`, `quantity`, `status`) VALUES
(1, 'Prof. Ruben Runolfsdottir', 8, '2021-07-14 09:53:13', '2021-07-14 09:53:13', 'uploads/products/0b7fbb94cd25794f47960f246a669006.png', 653, '60', 1),
(2, 'Prof. Jennyfer Hoppe', 8, '2021-07-14 09:53:13', '2021-07-14 09:53:13', 'uploads/products/5af19401c261c7e33772588e5407fd29.png', 414, '108', 1),
(3, 'Ms. Krystina Schinner V', 13, '2021-07-14 09:53:13', '2021-07-14 09:53:13', 'uploads/products/ca2c9946de2bf9b421c59f3beeb601e1.png', 1304, '182', 1),
(4, 'Prof. Marcus Conroy', 13, '2021-07-14 09:53:13', '2021-07-14 09:53:13', 'uploads/products/4e6eebc01d78376bca864d2cc793fe43.png', 1541, '14', 0),
(5, 'Prof. Serenity Corkery DVM', 1, '2021-07-14 09:53:13', '2021-07-14 09:53:13', 'uploads/products/a445de47eebb3ca7d80af2f717b8ac2e.png', 625, '57', 1),
(6, 'Reginald Hermiston', 20, '2021-07-14 22:58:25', '2021-07-14 22:58:25', 'uploads/products/1fefdac2847b175110bc0abbab66655a.png', 860, '2', 0),
(7, 'Lori Wilkinson', 7, '2021-07-14 22:58:25', '2021-07-14 22:58:25', 'uploads/products/6f3e5e71e80b2216a692d2e7188f09c2.png', 1418, '61', 0),
(8, 'Wayne Klein', 28, '2021-07-14 22:58:25', '2021-07-14 22:58:25', 'uploads/products/', 601, '163', 0),
(9, 'Russ Cole', 13, '2021-07-14 22:58:25', '2021-07-14 22:58:25', 'uploads/products/851bc28ce229e8e381cb79b2b9c9a9dd.png', 72, '159', 1),
(10, 'Johnnie Hartmann', 25, '2021-07-14 22:58:25', '2021-07-14 22:58:25', 'uploads/products/af598177dda59df372340642f39acb14.png', 91, '34', 1),
(11, 'Celine O\'Hara', 10, '2021-07-14 22:58:25', '2021-07-14 22:58:25', 'uploads/products/efda680aa64b1a09d2d040278021c08b.png', 1828, '128', 0),
(12, 'Mr. Juvenal Fisher II', 25, '2021-07-14 22:58:25', '2021-07-14 22:58:25', 'uploads/products/2956a12d563b61559c2cc341cb51146b.png', 1582, '31', 0),
(13, 'Marilyne Haley', 21, '2021-07-14 22:58:25', '2021-07-14 22:58:25', 'uploads/products/227e4a664fed4a93e3632a0a0bd0ded9.png', 569, '99', 0),
(14, 'Prof. Herbert Orn II', 18, '2021-07-14 22:58:25', '2021-07-14 22:58:25', 'uploads/products/e6ad0b23700860e2d7c78ec3e24866ed.png', 123, '62', 0),
(15, 'Mr. Nils Braun IV', 30, '2021-07-14 22:58:25', '2021-07-14 22:58:25', 'uploads/products/d6a98bda2e81b8624ac48baa8cfe9609.png', 1414, '19', 0),
(16, 'Eulalia Predovic', 23, '2021-07-14 22:58:25', '2021-07-14 22:58:25', 'uploads/products/36f3496319c55519496ddd820d005541.png', 1258, '185', 1),
(17, 'Kasey Ebert', 28, '2021-07-14 22:58:25', '2021-07-14 22:58:25', 'uploads/products/fad3ba105f53be5d5a424728fd1c81cf.png', 1463, '40', 1),
(18, 'Reuben Nikolaus', 17, '2021-07-14 22:58:25', '2021-07-14 22:58:25', 'uploads/products/e5f547d26e3caffc02a9c4327e88fc60.png', 336, '125', 0),
(19, 'Nicholaus Frami', 30, '2021-07-14 22:58:25', '2021-07-14 22:58:25', 'uploads/products/649d57f78c0d1125e0eb152c9c4325f7.png', 919, '66', 1),
(20, 'Arne Wilderman IV', 13, '2021-07-14 22:58:25', '2021-07-14 22:58:25', 'uploads/products/c8788c203e9257a2da083385adeafa32.png', 519, '159', 0),
(21, 'Alessia Cummings', 6, '2021-07-14 22:58:25', '2021-07-14 22:58:25', 'uploads/products/089a18e7237be8e404d01ff0f9b4db4c.png', 1333, '150', 1),
(22, 'Kelton Homenick', 14, '2021-07-14 22:58:25', '2021-07-14 22:58:25', 'uploads/products/646d4d8c3745aaae8877ce386c0ad069.png', 668, '80', 1),
(23, 'Yasmine Beahan', 22, '2021-07-14 22:58:26', '2021-07-14 22:58:26', 'uploads/products/c10b0017a153020a52f95882e9c9f01d.png', 1555, '164', 0),
(24, 'Mr. Norval Howell', 11, '2021-07-14 22:58:26', '2021-07-14 22:58:26', 'uploads/products/cc06b821b5884c8c733383487eb990bd.png', 513, '87', 1),
(25, 'Rhoda Ryan', 26, '2021-07-14 22:58:26', '2021-07-14 22:58:26', 'uploads/products/50832fbb7ef61eac967b3d2bb6bcc40a.png', 635, '109', 1),
(26, 'Mr. Reuben Carter III', 30, '2021-07-14 22:58:26', '2021-07-14 22:58:26', 'uploads/products/45c92b71d1e6d55ff347b4feb93c1cdc.png', 1256, '198', 1),
(27, 'Robbie Zulauf', 6, '2021-07-14 22:58:26', '2021-07-14 22:58:26', 'uploads/products/b916267c1553434c95c28b3f74c9c6f6.png', 986, '174', 0),
(28, 'Lonzo Medhurst', 20, '2021-07-14 22:58:26', '2021-07-14 22:58:26', 'uploads/products/1546ffca3799c3f101f8da7cd3ce02e5.png', 74, '121', 1),
(29, 'Dewitt Wilkinson', 9, '2021-07-14 22:58:26', '2021-07-14 22:58:26', 'uploads/products/6d29d8553de06b35c96815dc2d6d487b.png', 370, '50', 0),
(30, 'Winona Hauck I', 6, '2021-07-14 22:58:26', '2021-07-14 22:58:26', 'uploads/products/420fa4661d72f4dde361c02e276e855d.png', 985, '168', 0),
(31, 'Greta Connelly', 27, '2021-07-14 22:58:26', '2021-07-14 22:58:26', 'uploads/products/448e56f3a1e78f6ab420b92d7fb413e8.png', 1619, '170', 1),
(32, 'Loy Hoeger', 20, '2021-07-14 22:58:26', '2021-07-14 22:58:26', 'uploads/products/8e2f31f63aeb347e8ac27e19ba5a6aee.png', 165, '147', 1),
(33, 'Monte Treutel', 10, '2021-07-14 22:58:26', '2021-07-14 22:58:26', 'uploads/products/bd6dee8a94391f8c7645e635856f3d52.png', 436, '194', 0),
(34, 'Dolly Fisher', 18, '2021-07-14 22:58:26', '2021-07-14 22:58:26', 'uploads/products/27e30bdd61bc8846d114ffd79ae0038c.png', 243, '178', 0),
(35, 'Flavio Windler III', 28, '2021-07-14 22:58:26', '2021-07-14 22:58:26', 'uploads/products/9e5f1ea75c93437f3ebef4fd3848bf14.png', 1434, '13', 0),
(36, 'Keven Bernhard', 5, '2021-07-14 22:58:26', '2021-07-14 22:58:26', 'uploads/products/b8b57d3cf217fdc97be6ea2c1c12c8b8.png', 1751, '146', 1),
(37, 'Jarvis Ortiz PhD', 20, '2021-07-14 22:58:26', '2021-07-14 22:58:26', 'uploads/products/47a58a38ed2e3c25eb30cb85a9be7f83.png', 372, '83', 1),
(38, 'Berneice Heller DDS', 28, '2021-07-14 22:58:26', '2021-07-14 22:58:26', 'uploads/products/034e1db494e5570b4c86887e55560f8e.png', 1790, '123', 1),
(39, 'Liza Bradtke', 12, '2021-07-14 22:58:26', '2021-07-14 22:58:26', 'uploads/products/bd33d374250252c9cf24fe4b14f34b7b.png', 852, '132', 0),
(40, 'Maryjane Corkery', 27, '2021-07-14 22:58:26', '2021-07-14 22:58:26', 'uploads/products/6ac2bb8178dca3df73c41b29fc368581.png', 1983, '17', 1),
(41, 'Doris Johns', 11, '2021-07-14 22:58:26', '2021-07-14 22:58:26', 'uploads/products/e638c5e831ee1d8459fdb04538eb7a6e.png', 870, '89', 1),
(42, 'Laila O\'Connell', 30, '2021-07-14 22:58:26', '2021-07-14 22:58:26', 'uploads/products/69c04d63a53e3d01bbf351c842cda863.png', 1958, '147', 0),
(43, 'Quinn Abbott', 24, '2021-07-14 22:58:26', '2021-07-14 22:58:26', 'uploads/products/6b5c8f846da5984de5670481c3662c1c.png', 565, '114', 0),
(44, 'Nolan Pacocha', 8, '2021-07-14 22:58:26', '2021-07-14 22:58:26', 'uploads/products/b345f9774c0ca9a0bfe6b1a3c439b4d2.png', 489, '114', 1),
(45, 'Haskell Abshire', 23, '2021-07-14 22:58:26', '2021-07-14 22:58:26', 'uploads/products/dce811270501404db2460b4ced03322b.png', 1656, '50', 1),
(46, 'Mrs. Lilla Turcotte', 19, '2021-07-14 22:58:26', '2021-07-14 22:58:26', 'uploads/products/6d63fec8f18fce0eda23820c08304d3c.png', 682, '152', 0),
(47, 'Dr. Estel Roob MD', 6, '2021-07-14 22:58:26', '2021-07-14 22:58:26', 'uploads/products/4411b97999ee744507c349f9bf0e4221.png', 1004, '143', 1),
(48, 'Camryn Friesen', 17, '2021-07-14 22:58:26', '2021-07-14 22:58:26', 'uploads/products/a4d1ed76902b5f0338bcade6b436cc27.png', 666, '84', 0),
(49, 'Prof. Rogers Weissnat', 18, '2021-07-14 22:58:26', '2021-07-14 22:58:26', 'uploads/products/9e0c158cc7ebbdd87e5e67657aefda3f.png', 298, '199', 1),
(50, 'Dr. Corine Prohaska I', 29, '2021-07-14 22:58:26', '2021-07-14 22:58:26', 'uploads/products/7b7b777e0ab63200dab0b054a0c63a8d.png', 301, '69', 0),
(51, 'Marcelino Corwin', 11, '2021-07-14 22:58:26', '2021-07-14 22:58:26', 'uploads/products/0ebde32256735fdaf9bdceb4ae47e581.png', 975, '114', 0),
(52, 'Oran Blanda', 24, '2021-07-14 22:58:26', '2021-07-14 22:58:26', 'uploads/products/f8eab76db970cf9c2be99cad4f09e979.png', 1506, '13', 0),
(53, 'Paul Rutherford', 10, '2021-07-14 22:58:26', '2021-07-14 22:58:26', 'uploads/products/866b582a4263ac28c6cad155f14491f1.png', 152, '196', 0),
(54, 'Jett Crooks', 11, '2021-07-14 22:58:26', '2021-07-14 22:58:26', 'uploads/products/7d7a9febecc216e2aa32da217e8c26bb.png', 920, '77', 0),
(55, 'Mr. Vince Koepp', 10, '2021-07-14 22:58:26', '2021-07-14 22:58:26', 'uploads/products/377c8a09a24d0b66151da8eb6de9c44b.png', 1377, '25', 0);

-- --------------------------------------------------------

--
-- Table structure for table `users`
--

CREATE TABLE `users` (
  `id` bigint(20) UNSIGNED NOT NULL,
  `name` varchar(255) COLLATE utf8mb4_unicode_ci NOT NULL,
  `email` varchar(255) COLLATE utf8mb4_unicode_ci NOT NULL,
  `email_verified_at` timestamp NULL DEFAULT NULL,
  `password` varchar(255) COLLATE utf8mb4_unicode_ci NOT NULL,
  `remember_token` varchar(100) COLLATE utf8mb4_unicode_ci DEFAULT NULL,
  `created_at` timestamp NULL DEFAULT NULL,
  `updated_at` timestamp NULL DEFAULT NULL
) ENGINE=InnoDB DEFAULT CHARSET=utf8mb4 COLLATE=utf8mb4_unicode_ci;

--
-- Dumping data for table `users`
--

INSERT INTO `users` (`id`, `name`, `email`, `email_verified_at`, `password`, `remember_token`, `created_at`, `updated_at`) VALUES
(1, 'admin', 'admin@gmail.com', NULL, '$2y$10$wPIA.lwBOtdwUNTeJCJFKO531itlVvKJdUhPUb5sbfXfV89fcPe2m', NULL, '2021-07-12 09:58:44', '2021-07-12 09:58:44'),
(2, 'thienth', 'thienth@fpt.edu.vn', NULL, '$2y$10$uTDgFWVFMV1KZHCVZrW8f.cvsoH.xbTfJbzTCpanLaZiK5FL1rU6.', NULL, '2021-07-12 09:58:44', '2021-07-12 09:58:44'),
(5, 'mạnh', 'mạnh@gmail.com', NULL, '$2y$10$kWQ1odI2stlRMct/9iJf0OijixwPXFNyGC.HjuFrTjr8XRoXUMo3u', NULL, '2021-07-12 21:56:00', '2021-07-12 21:56:00'),
(7, 'Prof. Alejandrin Hilpert', 'roob.leonardo@dach.com', NULL, '$2y$10$92IXUNpkjO0rOQ5byMi.Ye4oKoEa3Ro9llC/.og/at2.uheWG/igi', NULL, NULL, NULL),
(8, 'Lionel King', 'bradtke.jasper@yahoo.com', NULL, '$2y$10$92IXUNpkjO0rOQ5byMi.Ye4oKoEa3Ro9llC/.og/at2.uheWG/igi', NULL, NULL, NULL),
(9, 'Jenifer Johnston', 'adeline91@quitzon.net', NULL, '$2y$10$92IXUNpkjO0rOQ5byMi.Ye4oKoEa3Ro9llC/.og/at2.uheWG/igi', NULL, NULL, NULL),
(10, 'Ruthie Hodkiewicz', 'nikolas.smith@yahoo.com', NULL, '$2y$10$92IXUNpkjO0rOQ5byMi.Ye4oKoEa3Ro9llC/.og/at2.uheWG/igi', NULL, NULL, NULL),
(11, 'Mario McLaughlin', 'katharina54@gmail.com', NULL, '$2y$10$92IXUNpkjO0rOQ5byMi.Ye4oKoEa3Ro9llC/.og/at2.uheWG/igi', NULL, NULL, NULL),
(12, 'Urban Schumm', 'damion54@frami.org', NULL, '$2y$10$92IXUNpkjO0rOQ5byMi.Ye4oKoEa3Ro9llC/.og/at2.uheWG/igi', NULL, NULL, NULL),
(13, 'Cassie Hane', 'lbayer@gmail.com', NULL, '$2y$10$92IXUNpkjO0rOQ5byMi.Ye4oKoEa3Ro9llC/.og/at2.uheWG/igi', NULL, NULL, NULL),
(14, 'Heidi Dooley', 'hirthe.mitchell@gmail.com', NULL, '$2y$10$92IXUNpkjO0rOQ5byMi.Ye4oKoEa3Ro9llC/.og/at2.uheWG/igi', NULL, NULL, NULL),
(15, 'Chris Cole Jr.', 'sporer.athena@hansen.info', NULL, '$2y$10$92IXUNpkjO0rOQ5byMi.Ye4oKoEa3Ro9llC/.og/at2.uheWG/igi', NULL, NULL, NULL),
(16, 'Libbie Stamm', 'fletcher.willms@collins.info', NULL, '$2y$10$92IXUNpkjO0rOQ5byMi.Ye4oKoEa3Ro9llC/.og/at2.uheWG/igi', NULL, NULL, NULL),
(17, 'Bernhard Purdy', 'llueilwitz@thompson.com', NULL, '$2y$10$92IXUNpkjO0rOQ5byMi.Ye4oKoEa3Ro9llC/.og/at2.uheWG/igi', NULL, NULL, NULL),
(18, 'Dr. Wilma Zieme', 'raul83@hotmail.com', NULL, '$2y$10$92IXUNpkjO0rOQ5byMi.Ye4oKoEa3Ro9llC/.og/at2.uheWG/igi', NULL, NULL, NULL),
(19, 'Derek Larson', 'volkman.lizeth@walsh.net', NULL, '$2y$10$92IXUNpkjO0rOQ5byMi.Ye4oKoEa3Ro9llC/.og/at2.uheWG/igi', NULL, NULL, NULL),
(20, 'Logan Zemlak', 'bradtke.vernie@gmail.com', NULL, '$2y$10$92IXUNpkjO0rOQ5byMi.Ye4oKoEa3Ro9llC/.og/at2.uheWG/igi', NULL, NULL, NULL),
(21, 'Miss Peggie Stroman III', 'fzboncak@dietrich.com', NULL, '$2y$10$92IXUNpkjO0rOQ5byMi.Ye4oKoEa3Ro9llC/.og/at2.uheWG/igi', NULL, NULL, NULL),
(22, 'Laurence Konopelski', 'kevin57@johns.net', NULL, '$2y$10$92IXUNpkjO0rOQ5byMi.Ye4oKoEa3Ro9llC/.og/at2.uheWG/igi', NULL, NULL, NULL),
(23, 'Katelynn Barrows', 'bkessler@yahoo.com', NULL, '$2y$10$92IXUNpkjO0rOQ5byMi.Ye4oKoEa3Ro9llC/.og/at2.uheWG/igi', NULL, NULL, NULL),
(24, 'Henriette Bernier', 'emard.eleazar@gmail.com', NULL, '$2y$10$92IXUNpkjO0rOQ5byMi.Ye4oKoEa3Ro9llC/.og/at2.uheWG/igi', NULL, NULL, NULL),
(25, 'Ofelia Gutkowski', 'eladio.kling@gmail.com', NULL, '$2y$10$92IXUNpkjO0rOQ5byMi.Ye4oKoEa3Ro9llC/.og/at2.uheWG/igi', NULL, NULL, NULL),
(26, 'Angel Schimmel', 'tshields@boyle.biz', NULL, '$2y$10$92IXUNpkjO0rOQ5byMi.Ye4oKoEa3Ro9llC/.og/at2.uheWG/igi', NULL, NULL, NULL),
(27, 'Chandler Cummings', 'noelia.rowe@hotmail.com', NULL, '$2y$10$92IXUNpkjO0rOQ5byMi.Ye4oKoEa3Ro9llC/.og/at2.uheWG/igi', NULL, NULL, NULL),
(28, 'Cecil Eichmann MD', 'bernhard.kasandra@kozey.net', NULL, '$2y$10$92IXUNpkjO0rOQ5byMi.Ye4oKoEa3Ro9llC/.og/at2.uheWG/igi', NULL, NULL, NULL),
(29, 'Steve Wehner', 'maximillia.fritsch@jenkins.net', NULL, '$2y$10$92IXUNpkjO0rOQ5byMi.Ye4oKoEa3Ro9llC/.og/at2.uheWG/igi', NULL, NULL, NULL),
(30, 'Dr. Max Trantow IV', 'herbert.cormier@gmail.com', NULL, '$2y$10$92IXUNpkjO0rOQ5byMi.Ye4oKoEa3Ro9llC/.og/at2.uheWG/igi', NULL, NULL, NULL),
(31, 'Dr. Brown Shields V', 'damore.hugh@gulgowski.com', NULL, '$2y$10$92IXUNpkjO0rOQ5byMi.Ye4oKoEa3Ro9llC/.og/at2.uheWG/igi', NULL, NULL, NULL),
(32, 'Cordell Emard', 'violette58@hotmail.com', NULL, '$2y$10$92IXUNpkjO0rOQ5byMi.Ye4oKoEa3Ro9llC/.og/at2.uheWG/igi', NULL, NULL, NULL),
(33, 'Elroy Hirthe', 'lbrekke@franecki.com', NULL, '$2y$10$92IXUNpkjO0rOQ5byMi.Ye4oKoEa3Ro9llC/.og/at2.uheWG/igi', NULL, NULL, NULL),
(34, 'Prof. Reggie Zboncak III', 'wuckert.jaylon@walker.com', NULL, '$2y$10$92IXUNpkjO0rOQ5byMi.Ye4oKoEa3Ro9llC/.og/at2.uheWG/igi', NULL, NULL, NULL),
(35, 'Sonia Wisozk', 'eunice40@yahoo.com', NULL, '$2y$10$92IXUNpkjO0rOQ5byMi.Ye4oKoEa3Ro9llC/.og/at2.uheWG/igi', NULL, NULL, NULL),
(36, 'Alysa Hoppe', 'devin15@schinner.com', NULL, '$2y$10$92IXUNpkjO0rOQ5byMi.Ye4oKoEa3Ro9llC/.og/at2.uheWG/igi', NULL, NULL, NULL),
(37, 'Drake Gusikowski', 'pkunze@yahoo.com', NULL, '$2y$10$92IXUNpkjO0rOQ5byMi.Ye4oKoEa3Ro9llC/.og/at2.uheWG/igi', NULL, NULL, NULL),
(38, 'Tad Wilkinson', 'destiny.fisher@yahoo.com', NULL, '$2y$10$92IXUNpkjO0rOQ5byMi.Ye4oKoEa3Ro9llC/.og/at2.uheWG/igi', NULL, NULL, NULL),
(39, 'Hayden Auer', 'ernser.sanford@mitchell.biz', NULL, '$2y$10$92IXUNpkjO0rOQ5byMi.Ye4oKoEa3Ro9llC/.og/at2.uheWG/igi', NULL, NULL, NULL),
(40, 'Mrs. Lillian Olson III', 'chelsie35@yahoo.com', NULL, '$2y$10$92IXUNpkjO0rOQ5byMi.Ye4oKoEa3Ro9llC/.og/at2.uheWG/igi', NULL, NULL, NULL),
(41, 'Taurean Hermiston', 'era99@watsica.net', NULL, '$2y$10$92IXUNpkjO0rOQ5byMi.Ye4oKoEa3Ro9llC/.og/at2.uheWG/igi', NULL, NULL, NULL),
(42, 'Providenci Deckow II', 'wilkinson.kailey@gmail.com', NULL, '$2y$10$92IXUNpkjO0rOQ5byMi.Ye4oKoEa3Ro9llC/.og/at2.uheWG/igi', NULL, NULL, NULL),
(43, 'Hertha Dietrich', 'ondricka.abe@stark.com', NULL, '$2y$10$92IXUNpkjO0rOQ5byMi.Ye4oKoEa3Ro9llC/.og/at2.uheWG/igi', NULL, NULL, NULL),
(44, 'Dashawn Zemlak', 'johnston.abdul@yahoo.com', NULL, '$2y$10$92IXUNpkjO0rOQ5byMi.Ye4oKoEa3Ro9llC/.og/at2.uheWG/igi', NULL, NULL, NULL),
(45, 'Marcus Wisoky I', 'sandra88@gmail.com', NULL, '$2y$10$92IXUNpkjO0rOQ5byMi.Ye4oKoEa3Ro9llC/.og/at2.uheWG/igi', NULL, NULL, NULL),
(46, 'Mr. Tyrel Cronin', 'melany03@smitham.com', NULL, '$2y$10$92IXUNpkjO0rOQ5byMi.Ye4oKoEa3Ro9llC/.og/at2.uheWG/igi', NULL, NULL, NULL),
(47, 'Margarete Rohan', 'wkessler@hotmail.com', NULL, '$2y$10$92IXUNpkjO0rOQ5byMi.Ye4oKoEa3Ro9llC/.og/at2.uheWG/igi', NULL, NULL, NULL),
(48, 'Alisa Christiansen', 'bell45@sanford.com', NULL, '$2y$10$92IXUNpkjO0rOQ5byMi.Ye4oKoEa3Ro9llC/.og/at2.uheWG/igi', NULL, NULL, NULL),
(49, 'Kody Welch', 'sbraun@hotmail.com', NULL, '$2y$10$92IXUNpkjO0rOQ5byMi.Ye4oKoEa3Ro9llC/.og/at2.uheWG/igi', NULL, NULL, NULL),
(50, 'Mrs. Cora Bruen Sr.', 'keeling.rosamond@nienow.com', NULL, '$2y$10$92IXUNpkjO0rOQ5byMi.Ye4oKoEa3Ro9llC/.og/at2.uheWG/igi', NULL, NULL, NULL),
(51, 'Tanner Feil', 'blick.osvaldo@yahoo.com', NULL, '$2y$10$92IXUNpkjO0rOQ5byMi.Ye4oKoEa3Ro9llC/.og/at2.uheWG/igi', NULL, NULL, NULL),
(52, 'Dr. Rodrick Balistreri', 'bruen.kristy@turcotte.com', NULL, '$2y$10$92IXUNpkjO0rOQ5byMi.Ye4oKoEa3Ro9llC/.og/at2.uheWG/igi', NULL, NULL, NULL),
(53, 'Chelsie Farrell', 'geovany59@connelly.info', NULL, '$2y$10$92IXUNpkjO0rOQ5byMi.Ye4oKoEa3Ro9llC/.og/at2.uheWG/igi', NULL, NULL, NULL),
(54, 'Juana Quitzon II', 'padberg.nelle@gmail.com', NULL, '$2y$10$92IXUNpkjO0rOQ5byMi.Ye4oKoEa3Ro9llC/.og/at2.uheWG/igi', NULL, NULL, NULL),
(55, 'Natasha Rath', 'margret06@yahoo.com', NULL, '$2y$10$92IXUNpkjO0rOQ5byMi.Ye4oKoEa3Ro9llC/.og/at2.uheWG/igi', NULL, NULL, NULL),
(56, 'Oscar Hills', 'emmerich.nels@grimes.net', NULL, '$2y$10$92IXUNpkjO0rOQ5byMi.Ye4oKoEa3Ro9llC/.og/at2.uheWG/igi', NULL, NULL, NULL),
(57, 'Courtney Barton', 'jacobson.melany@yahoo.com', NULL, '$2y$10$92IXUNpkjO0rOQ5byMi.Ye4oKoEa3Ro9llC/.og/at2.uheWG/igi', NULL, NULL, NULL),
(58, 'Linda Schuster MD', 'zemlak.liliane@huel.biz', NULL, '$2y$10$92IXUNpkjO0rOQ5byMi.Ye4oKoEa3Ro9llC/.og/at2.uheWG/igi', NULL, NULL, NULL),
(59, 'Mr. Dangelo Huel I', 'abbie.wunsch@gmail.com', NULL, '$2y$10$92IXUNpkjO0rOQ5byMi.Ye4oKoEa3Ro9llC/.og/at2.uheWG/igi', NULL, NULL, NULL),
(60, 'Christian Kuhn', 'israel.brekke@yahoo.com', NULL, '$2y$10$92IXUNpkjO0rOQ5byMi.Ye4oKoEa3Ro9llC/.og/at2.uheWG/igi', NULL, NULL, NULL),
(61, 'Maxine Predovic', 'hershel10@homenick.org', NULL, '$2y$10$92IXUNpkjO0rOQ5byMi.Ye4oKoEa3Ro9llC/.og/at2.uheWG/igi', NULL, NULL, NULL),
(62, 'Izaiah Smitham', 'collier.robyn@hotmail.com', NULL, '$2y$10$92IXUNpkjO0rOQ5byMi.Ye4oKoEa3Ro9llC/.og/at2.uheWG/igi', NULL, NULL, NULL),
(63, 'Mrs. Kristy Hackett', 'schultz.sonny@yahoo.com', NULL, '$2y$10$92IXUNpkjO0rOQ5byMi.Ye4oKoEa3Ro9llC/.og/at2.uheWG/igi', NULL, NULL, NULL),
(64, 'Brigitte Flatley', 'marcelle23@west.com', NULL, '$2y$10$92IXUNpkjO0rOQ5byMi.Ye4oKoEa3Ro9llC/.og/at2.uheWG/igi', NULL, NULL, NULL),
(65, 'Mr. Domingo Johns', 'cmcdermott@cruickshank.com', NULL, '$2y$10$92IXUNpkjO0rOQ5byMi.Ye4oKoEa3Ro9llC/.og/at2.uheWG/igi', NULL, NULL, NULL),
(66, 'Aric Torphy', 'ada.kuvalis@mckenzie.info', NULL, '$2y$10$92IXUNpkjO0rOQ5byMi.Ye4oKoEa3Ro9llC/.og/at2.uheWG/igi', NULL, NULL, NULL),
(67, 'Breanna Kutch', 'felton.abbott@yahoo.com', NULL, '$2y$10$92IXUNpkjO0rOQ5byMi.Ye4oKoEa3Ro9llC/.og/at2.uheWG/igi', NULL, NULL, NULL),
(68, 'Coralie O\'Connell', 'dereck96@sawayn.com', NULL, '$2y$10$92IXUNpkjO0rOQ5byMi.Ye4oKoEa3Ro9llC/.og/at2.uheWG/igi', NULL, NULL, NULL),
(69, 'Ms. Electa Schoen IV', 'noreilly@daniel.com', NULL, '$2y$10$92IXUNpkjO0rOQ5byMi.Ye4oKoEa3Ro9llC/.og/at2.uheWG/igi', NULL, NULL, NULL),
(70, 'Carlo Walker', 'ldietrich@yahoo.com', NULL, '$2y$10$92IXUNpkjO0rOQ5byMi.Ye4oKoEa3Ro9llC/.og/at2.uheWG/igi', NULL, NULL, NULL),
(71, 'Maribel Senger IV', 'igoyette@schultz.com', NULL, '$2y$10$92IXUNpkjO0rOQ5byMi.Ye4oKoEa3Ro9llC/.og/at2.uheWG/igi', NULL, NULL, NULL),
(72, 'Elyse Rutherford', 'yrosenbaum@yahoo.com', NULL, '$2y$10$92IXUNpkjO0rOQ5byMi.Ye4oKoEa3Ro9llC/.og/at2.uheWG/igi', NULL, NULL, NULL),
(73, 'Christiana Considine I', 'mupton@gmail.com', NULL, '$2y$10$92IXUNpkjO0rOQ5byMi.Ye4oKoEa3Ro9llC/.og/at2.uheWG/igi', NULL, NULL, NULL),
(74, 'Donnie Ebert V', 'jgoldner@hotmail.com', NULL, '$2y$10$92IXUNpkjO0rOQ5byMi.Ye4oKoEa3Ro9llC/.og/at2.uheWG/igi', NULL, NULL, NULL),
(75, 'Webster Kreiger', 'hgislason@yahoo.com', NULL, '$2y$10$92IXUNpkjO0rOQ5byMi.Ye4oKoEa3Ro9llC/.og/at2.uheWG/igi', NULL, NULL, NULL),
(76, 'Mr. Davon Conroy PhD', 'wyman.devante@green.com', NULL, '$2y$10$92IXUNpkjO0rOQ5byMi.Ye4oKoEa3Ro9llC/.og/at2.uheWG/igi', NULL, NULL, NULL),
(78, 'Prof. Abagail Will', 'noemie12@rowe.com', NULL, '$2y$10$92IXUNpkjO0rOQ5byMi.Ye4oKoEa3Ro9llC/.og/at2.uheWG/igi', NULL, NULL, NULL),
(79, 'Dee Spencer', 'owunsch@yahoo.com', NULL, '$2y$10$92IXUNpkjO0rOQ5byMi.Ye4oKoEa3Ro9llC/.og/at2.uheWG/igi', NULL, NULL, NULL),
(80, 'Fernando Predovic', 'shanahan.floy@crona.com', NULL, '$2y$10$92IXUNpkjO0rOQ5byMi.Ye4oKoEa3Ro9llC/.og/at2.uheWG/igi', NULL, NULL, NULL),
(81, 'Mr. Stanford Treutel', 'callie91@yahoo.com', NULL, '$2y$10$92IXUNpkjO0rOQ5byMi.Ye4oKoEa3Ro9llC/.og/at2.uheWG/igi', NULL, NULL, NULL),
(82, 'Mrs. Nayeli Runolfsdottir', 'wuckert.delaney@schuster.com', NULL, '$2y$10$92IXUNpkjO0rOQ5byMi.Ye4oKoEa3Ro9llC/.og/at2.uheWG/igi', NULL, NULL, NULL),
(83, 'Malika Bosco', 'paris97@gmail.com', NULL, '$2y$10$92IXUNpkjO0rOQ5byMi.Ye4oKoEa3Ro9llC/.og/at2.uheWG/igi', NULL, NULL, NULL),
(84, 'Nelson Stark', 'alexandra05@yahoo.com', NULL, '$2y$10$92IXUNpkjO0rOQ5byMi.Ye4oKoEa3Ro9llC/.og/at2.uheWG/igi', NULL, NULL, NULL),
(85, 'Magnus Metz', 'keanu.terry@hotmail.com', NULL, '$2y$10$92IXUNpkjO0rOQ5byMi.Ye4oKoEa3Ro9llC/.og/at2.uheWG/igi', NULL, NULL, NULL),
(86, 'Kimberly Goodwin', 'consuelo.bergnaum@hotmail.com', NULL, '$2y$10$92IXUNpkjO0rOQ5byMi.Ye4oKoEa3Ro9llC/.og/at2.uheWG/igi', NULL, NULL, NULL),
(87, 'Arnulfo Dietrich', 'floy29@gmail.com', NULL, '$2y$10$92IXUNpkjO0rOQ5byMi.Ye4oKoEa3Ro9llC/.og/at2.uheWG/igi', NULL, NULL, NULL),
(88, 'Odell Carroll', 'mitchell.elenora@miller.com', NULL, '$2y$10$92IXUNpkjO0rOQ5byMi.Ye4oKoEa3Ro9llC/.og/at2.uheWG/igi', NULL, NULL, NULL),
(89, 'Martina Johnston', 'joseph46@hotmail.com', NULL, '$2y$10$92IXUNpkjO0rOQ5byMi.Ye4oKoEa3Ro9llC/.og/at2.uheWG/igi', NULL, NULL, NULL),
(90, 'Krystel Raynor', 'kunze.dale@harber.com', NULL, '$2y$10$92IXUNpkjO0rOQ5byMi.Ye4oKoEa3Ro9llC/.og/at2.uheWG/igi', NULL, NULL, NULL),
(91, 'Serena Mraz DDS', 'ymitchell@gmail.com', NULL, '$2y$10$92IXUNpkjO0rOQ5byMi.Ye4oKoEa3Ro9llC/.og/at2.uheWG/igi', NULL, NULL, NULL),
(92, 'Macey Koss DDS', 'grace17@johnson.com', NULL, '$2y$10$92IXUNpkjO0rOQ5byMi.Ye4oKoEa3Ro9llC/.og/at2.uheWG/igi', NULL, NULL, NULL),
(93, 'Lemuel Padberg', 'carolina59@bailey.com', NULL, '$2y$10$92IXUNpkjO0rOQ5byMi.Ye4oKoEa3Ro9llC/.og/at2.uheWG/igi', NULL, NULL, NULL),
(94, 'Titus Maggio', 'yschroeder@stanton.com', NULL, '$2y$10$92IXUNpkjO0rOQ5byMi.Ye4oKoEa3Ro9llC/.og/at2.uheWG/igi', NULL, NULL, NULL),
(95, 'Prof. Diana O\'Keefe II', 'alvena.blanda@gmail.com', NULL, '$2y$10$92IXUNpkjO0rOQ5byMi.Ye4oKoEa3Ro9llC/.og/at2.uheWG/igi', NULL, NULL, NULL),
(96, 'German Abshire', 'will.constantin@shields.com', NULL, '$2y$10$92IXUNpkjO0rOQ5byMi.Ye4oKoEa3Ro9llC/.og/at2.uheWG/igi', NULL, NULL, NULL),
(97, 'Madilyn Hettinger', 'clementine48@gmail.com', NULL, '$2y$10$92IXUNpkjO0rOQ5byMi.Ye4oKoEa3Ro9llC/.og/at2.uheWG/igi', NULL, NULL, NULL),
(98, 'Vincent Mraz', 'esther.hoeger@yahoo.com', NULL, '$2y$10$92IXUNpkjO0rOQ5byMi.Ye4oKoEa3Ro9llC/.og/at2.uheWG/igi', NULL, NULL, NULL),
(99, 'Gregorio Grimes', 'sweissnat@hotmail.com', NULL, '$2y$10$92IXUNpkjO0rOQ5byMi.Ye4oKoEa3Ro9llC/.og/at2.uheWG/igi', NULL, NULL, NULL),
(100, 'Ms. Anissa Heaney DDS', 'shanahan.kari@hotmail.com', NULL, '$2y$10$92IXUNpkjO0rOQ5byMi.Ye4oKoEa3Ro9llC/.og/at2.uheWG/igi', NULL, NULL, NULL),
(101, 'Joanne Murray', 'jeremy71@marks.com', NULL, '$2y$10$92IXUNpkjO0rOQ5byMi.Ye4oKoEa3Ro9llC/.og/at2.uheWG/igi', NULL, NULL, NULL),
(102, 'Mr. Kay Skiles DDS', 'ddubuque@rodriguez.com', NULL, '$2y$10$92IXUNpkjO0rOQ5byMi.Ye4oKoEa3Ro9llC/.og/at2.uheWG/igi', NULL, NULL, NULL),
(103, 'Amalia Vandervort', 'freichel@hotmail.com', NULL, '$2y$10$92IXUNpkjO0rOQ5byMi.Ye4oKoEa3Ro9llC/.og/at2.uheWG/igi', NULL, NULL, NULL),
(104, 'Josiane Ortiz', 'schamberger.berniece@rolfson.com', NULL, '$2y$10$92IXUNpkjO0rOQ5byMi.Ye4oKoEa3Ro9llC/.og/at2.uheWG/igi', NULL, NULL, NULL),
(105, 'Terry Grimes', 'parisian.esther@yahoo.com', NULL, '$2y$10$92IXUNpkjO0rOQ5byMi.Ye4oKoEa3Ro9llC/.og/at2.uheWG/igi', NULL, NULL, NULL),
(106, 'Dr. Kristoffer Haley', 'brippin@gislason.biz', NULL, '$2y$10$92IXUNpkjO0rOQ5byMi.Ye4oKoEa3Ro9llC/.og/at2.uheWG/igi', NULL, NULL, NULL),
(107, 'Abagail Cummerata PhD', 'fritchie@stroman.info', NULL, '$2y$10$92IXUNpkjO0rOQ5byMi.Ye4oKoEa3Ro9llC/.og/at2.uheWG/igi', NULL, NULL, NULL),
(108, 'Kailee Wolff', 'iolson@koch.info', NULL, '$2y$10$92IXUNpkjO0rOQ5byMi.Ye4oKoEa3Ro9llC/.og/at2.uheWG/igi', NULL, NULL, NULL),
(109, 'Melissa McClure', 'cristian48@klocko.com', NULL, '$2y$10$92IXUNpkjO0rOQ5byMi.Ye4oKoEa3Ro9llC/.og/at2.uheWG/igi', NULL, NULL, NULL),
(110, 'Conor Bechtelar', 'awalter@olson.com', NULL, '$2y$10$92IXUNpkjO0rOQ5byMi.Ye4oKoEa3Ro9llC/.og/at2.uheWG/igi', NULL, NULL, NULL),
(111, 'Dr. Jadon Koepp Sr.', 'pgulgowski@yahoo.com', NULL, '$2y$10$92IXUNpkjO0rOQ5byMi.Ye4oKoEa3Ro9llC/.og/at2.uheWG/igi', NULL, NULL, NULL),
(112, 'Mr. Tillman Hackett IV', 'caesar54@von.com', NULL, '$2y$10$92IXUNpkjO0rOQ5byMi.Ye4oKoEa3Ro9llC/.og/at2.uheWG/igi', NULL, NULL, NULL),
(113, 'Finn Hyatt', 'dare.hudson@von.biz', NULL, '$2y$10$92IXUNpkjO0rOQ5byMi.Ye4oKoEa3Ro9llC/.og/at2.uheWG/igi', NULL, NULL, NULL),
(114, 'Adela Yost I', 'coty.morar@yahoo.com', NULL, '$2y$10$92IXUNpkjO0rOQ5byMi.Ye4oKoEa3Ro9llC/.og/at2.uheWG/igi', NULL, NULL, NULL),
(115, 'Prof. Rosalia Brekke Jr.', 'ernestina29@hotmail.com', NULL, '$2y$10$92IXUNpkjO0rOQ5byMi.Ye4oKoEa3Ro9llC/.og/at2.uheWG/igi', NULL, NULL, NULL),
(116, 'Pat Donnelly PhD', 'wiegand.juliana@kutch.com', NULL, '$2y$10$92IXUNpkjO0rOQ5byMi.Ye4oKoEa3Ro9llC/.og/at2.uheWG/igi', NULL, NULL, NULL),
(117, 'Jalen Zulauf', 'yhomenick@emmerich.org', NULL, '$2y$10$92IXUNpkjO0rOQ5byMi.Ye4oKoEa3Ro9llC/.og/at2.uheWG/igi', NULL, NULL, NULL),
(118, 'Otilia Graham', 'kathleen.beahan@hotmail.com', NULL, '$2y$10$92IXUNpkjO0rOQ5byMi.Ye4oKoEa3Ro9llC/.og/at2.uheWG/igi', NULL, NULL, NULL),
(119, 'Verna Cummerata', 'hwill@marquardt.com', NULL, '$2y$10$92IXUNpkjO0rOQ5byMi.Ye4oKoEa3Ro9llC/.og/at2.uheWG/igi', NULL, NULL, NULL),
(120, 'Merlin Marvin', 'volkman.vincent@rau.info', NULL, '$2y$10$92IXUNpkjO0rOQ5byMi.Ye4oKoEa3Ro9llC/.og/at2.uheWG/igi', NULL, NULL, NULL),
(121, 'Mr. Gillian Jacobson DDS', 'gwisoky@morar.info', NULL, '$2y$10$92IXUNpkjO0rOQ5byMi.Ye4oKoEa3Ro9llC/.og/at2.uheWG/igi', NULL, NULL, NULL),
(122, 'Idell Fahey', 'lhermiston@yahoo.com', NULL, '$2y$10$92IXUNpkjO0rOQ5byMi.Ye4oKoEa3Ro9llC/.og/at2.uheWG/igi', NULL, NULL, NULL),
(123, 'Dr. Ariane Auer', 'torphy.eino@gmail.com', NULL, '$2y$10$92IXUNpkjO0rOQ5byMi.Ye4oKoEa3Ro9llC/.og/at2.uheWG/igi', NULL, NULL, NULL),
(124, 'Prof. Jamaal Dicki III', 'michele.muller@hotmail.com', NULL, '$2y$10$92IXUNpkjO0rOQ5byMi.Ye4oKoEa3Ro9llC/.og/at2.uheWG/igi', NULL, NULL, NULL),
(125, 'Amie Johns DDS', 'vincenzo.swift@schumm.biz', NULL, '$2y$10$92IXUNpkjO0rOQ5byMi.Ye4oKoEa3Ro9llC/.og/at2.uheWG/igi', NULL, NULL, NULL),
(126, 'Dr. Chaim Renner', 'nikolas.ankunding@yahoo.com', NULL, '$2y$10$92IXUNpkjO0rOQ5byMi.Ye4oKoEa3Ro9llC/.og/at2.uheWG/igi', NULL, NULL, NULL),
(127, 'Miss Josefina Schmeler DDS', 'judson43@lesch.com', NULL, '$2y$10$92IXUNpkjO0rOQ5byMi.Ye4oKoEa3Ro9llC/.og/at2.uheWG/igi', NULL, NULL, NULL),
(128, 'Camron Lemke', 'vkling@gmail.com', NULL, '$2y$10$92IXUNpkjO0rOQ5byMi.Ye4oKoEa3Ro9llC/.og/at2.uheWG/igi', NULL, NULL, NULL),
(129, 'Coralie Roberts III', 'kgraham@block.net', NULL, '$2y$10$92IXUNpkjO0rOQ5byMi.Ye4oKoEa3Ro9llC/.og/at2.uheWG/igi', NULL, NULL, NULL),
(130, 'Felicity Parker', 'kenneth.moore@gmail.com', NULL, '$2y$10$92IXUNpkjO0rOQ5byMi.Ye4oKoEa3Ro9llC/.og/at2.uheWG/igi', NULL, NULL, NULL),
(131, 'Dr. Isabelle Gleason DDS', 'madalyn41@wunsch.info', NULL, '$2y$10$92IXUNpkjO0rOQ5byMi.Ye4oKoEa3Ro9llC/.og/at2.uheWG/igi', NULL, NULL, NULL),
(132, 'Oma Terry', 'nikki.medhurst@leffler.net', NULL, '$2y$10$92IXUNpkjO0rOQ5byMi.Ye4oKoEa3Ro9llC/.og/at2.uheWG/igi', NULL, NULL, NULL),
(133, 'Clovis Lemke', 'dashawn04@parisian.com', NULL, '$2y$10$92IXUNpkjO0rOQ5byMi.Ye4oKoEa3Ro9llC/.og/at2.uheWG/igi', NULL, NULL, NULL),
(134, 'Ms. Coralie Smitham', 'reinger.camden@ebert.com', NULL, '$2y$10$92IXUNpkjO0rOQ5byMi.Ye4oKoEa3Ro9llC/.og/at2.uheWG/igi', NULL, NULL, NULL),
(135, 'Lucie Spinka', 'hahn.dale@gmail.com', NULL, '$2y$10$92IXUNpkjO0rOQ5byMi.Ye4oKoEa3Ro9llC/.og/at2.uheWG/igi', NULL, NULL, NULL),
(136, 'Dr. Haylee Legros', 'little.adah@murazik.info', NULL, '$2y$10$92IXUNpkjO0rOQ5byMi.Ye4oKoEa3Ro9llC/.og/at2.uheWG/igi', NULL, NULL, NULL),
(137, 'Prof. Carlie Leuschke MD', 'kozey.chelsey@hotmail.com', NULL, '$2y$10$92IXUNpkjO0rOQ5byMi.Ye4oKoEa3Ro9llC/.og/at2.uheWG/igi', NULL, NULL, NULL);

--
-- Indexes for dumped tables
--

--
-- Indexes for table `categories`
--
ALTER TABLE `categories`
  ADD PRIMARY KEY (`id`),
  ADD UNIQUE KEY `categories_name_unique` (`name`);

--
-- Indexes for table `failed_jobs`
--
ALTER TABLE `failed_jobs`
  ADD PRIMARY KEY (`id`),
  ADD UNIQUE KEY `failed_jobs_uuid_unique` (`uuid`);

--
-- Indexes for table `migrations`
--
ALTER TABLE `migrations`
  ADD PRIMARY KEY (`id`);

--
-- Indexes for table `password_resets`
--
ALTER TABLE `password_resets`
  ADD KEY `password_resets_email_index` (`email`);

--
-- Indexes for table `products`
--
ALTER TABLE `products`
  ADD PRIMARY KEY (`id`),
  ADD KEY `products_cate_id_foreign` (`cate_id`);

--
-- Indexes for table `users`
--
ALTER TABLE `users`
  ADD PRIMARY KEY (`id`),
  ADD UNIQUE KEY `users_email_unique` (`email`);

--
-- AUTO_INCREMENT for dumped tables
--

--
-- AUTO_INCREMENT for table `categories`
--
ALTER TABLE `categories`
  MODIFY `id` bigint(20) UNSIGNED NOT NULL AUTO_INCREMENT, AUTO_INCREMENT=46;

--
-- AUTO_INCREMENT for table `failed_jobs`
--
ALTER TABLE `failed_jobs`
  MODIFY `id` bigint(20) UNSIGNED NOT NULL AUTO_INCREMENT;

--
-- AUTO_INCREMENT for table `migrations`
--
ALTER TABLE `migrations`
  MODIFY `id` int(10) UNSIGNED NOT NULL AUTO_INCREMENT, AUTO_INCREMENT=7;

--
-- AUTO_INCREMENT for table `products`
--
ALTER TABLE `products`
  MODIFY `id` bigint(20) UNSIGNED NOT NULL AUTO_INCREMENT, AUTO_INCREMENT=56;

--
-- AUTO_INCREMENT for table `users`
--
ALTER TABLE `users`
  MODIFY `id` bigint(20) UNSIGNED NOT NULL AUTO_INCREMENT, AUTO_INCREMENT=138;

--
-- Constraints for dumped tables
--

--
-- Constraints for table `products`
--
ALTER TABLE `products`
  ADD CONSTRAINT `products_cate_id_foreign` FOREIGN KEY (`cate_id`) REFERENCES `categories` (`id`);
COMMIT;

/*!40101 SET CHARACTER_SET_CLIENT=@OLD_CHARACTER_SET_CLIENT */;
/*!40101 SET CHARACTER_SET_RESULTS=@OLD_CHARACTER_SET_RESULTS */;
/*!40101 SET COLLATION_CONNECTION=@OLD_COLLATION_CONNECTION */;
